t,agent,action,instance_id,app_id,machine_id,from_machine,to_machine,instance_id1,machine1,app_id1,instance_id2,machine2,app_id2,dp_min,epsilon,chosen_dp,chosen_affinity,delta_power_cluster,delta_affinity,rationale,llm_seconds,llm_model,llm_input_tokens,llm_output_tokens,llm_total_tokens
0,placement_judge,Place,0,10,6,,,,,,,,,1.221547,0.25,1.405961,1,,,"According to Rule T, since there exists a candidate with affinity=1 and delta_total <= DPmin + epsilon (DPmin + epsilon = 1.471547), the affinity=1 candidate with the smallest delta_total is selected. DPmin is 1.221547, epsilon is 0.25, and the chosen candidate (app_id=10, machine_id=6) has delta_total=1.405961 <= 1.471547 and affinity=1, with the smallest delta_total among affinity=1 candidates.",65.81247210502625,deepseek-r1:latest,4588,7126,11714
0,rearranger,NoChange,,,,,,,,,,,,,,,,,,no Pareto-improving ops in table,0,deepseek-r1:latest,0,0,0
1,placement_judge,Place,1,2,11,,,,,,,,,1.221547,0.25,1.447647,1,,,"According to Rule T, since there exists a candidate with affinity=1 and delta_total <= DPmin + epsilon (1.221547 + 0.25 = 1.471547), we choose the affinity=1 candidate with the smallest delta_total, which is app_id=2 on machine_id=11 with delta_total=1.447647W. This satisfies the hard constraints as all listed candidates are feasible, and the affinity=1 preference is prioritized under the given epsilon condition.",57.35149598121643,deepseek-r1:latest,4692,6208,10900
1,rearranger,NoChange,,,,,,,,,,,,,,,,,,no Pareto-improving ops in table,0,deepseek-r1:latest,0,0,0
2,placement_judge,Place,2,24,19,,,,,,,,,1.221547,0.25,1.449587,1,,,"Based on Rule T, since there exists a candidate with affinity=1 and delta_total <= DPmin + epsilon, the affinity=1 candidate with the smallest delta_total is chosen, which is app_id=24 on machine_id=19 with delta_total=1.449587.",63.76630640029907,deepseek-r1:latest,4755,6855,11610
2,rearranger,NoChange,,,,,,,,,,,,,,,,,,no Pareto-improving ops in table,0,deepseek-r1:latest,0,0,0
3,placement_judge,Place,3,10,24,,,,,,,,,1.221547,0.25,1.450306,1,,,"Based on Rule T, since there exists a candidate with affinity=1 and delta_total <= DPmin + epsilon (1.221547 + 0.25 = 1.471547), the affinity=1 candidate with the smallest delta_total is selected. The candidate app_id=10, machine_id=24 has delta_total=1.450306 <= 1.471547 and affinity=1, and it has the smallest delta_total among all affinity=1 candidates meeting the condition.",61.78435182571411,deepseek-r1:latest,4686,6652,11338
3,rearranger,NoChange,,,,,,,,,,,,,,,,,,no Pareto-improving ops in table,0,deepseek-r1:latest,0,0,0
4,placement_judge,Place,4,17,10,,,,,,,,,1.221547,0.25,1.454523,1,,,"Based on Rule T, I selected the affinity=1 candidate with the smallest delta_total, as there exists a candidate with affinity=1 and delta_total <= DPmin + epsilon (1.471547).",48.66731929779053,deepseek-r1:latest,4682,5226,9908
4,rearranger,NoChange,,,,,,,,,,,,,,,,,,no Pareto-improving ops in table,0,deepseek-r1:latest,0,0,0
5,placement_judge,Place,5,2,11,,,,,,,,,1.244965,0.25,1.466194,1,,,"According to Rule T, the smallest delta_total (DPmin) is 1.244965 for app_id=10 on machine_id=10 with affinity=0. Since there exists a candidate with affinity=1 and delta_total <= DPmin + epsilon (1.494965), the affinity=1 candidate with the smallest delta_total is chosen, which is app_id=2 on machine_id=11 with delta_total=1.466194 and affinity=1. All hard constraints are satisfied as per the candidate table.",64.34274220466614,deepseek-r1:latest,4966,6892,11858
5,rearranger,NoChange,,,,,,,,,,,,,,,,,,no Pareto-improving ops in table,0,deepseek-r1:latest,0,0,0
6,placement_judge,Place,6,17,10,,,,,,,,,1.244965,0.25,1.472264,1,,,"According to Rule T, since there exists a candidate with affinity=1 and delta_total <= DPmin + epsilon (DPmin=1.244965, epsilon=0.25, DPmin + epsilon=1.494965), the affinity=1 candidate with the smallest delta_total is selected. Candidate (app_id=17, machine_id=10) has delta_total=1.472264 <= 1.494965 and affinity=1, with the smallest delta_total among affinity=1 candidates.",32.01385164260864,deepseek-r1:latest,4813,3428,8241
6,rearranger,NoChange,,,,,,,,,,,,,,,,,,no Pareto-improving ops in table,0,deepseek-r1:latest,0,0,0
7,placement_judge,Place,7,10,9,,,,,,,,,1.289671,0.25,1.474404,1,,,"Based on Rule T, since there exists a candidate with affinity=1 and delta_total <= DPmin + epsilon (1.289671 + 0.25 = 1.539671), I select the candidate with affinity=1 and the smallest delta_total, which is app_id=10, machine_id=9 with delta_total=1.474404. This satisfies the hard constraints as per the provided candidate table indicating feasibility.",45.668827056884766,deepseek-r1:latest,4824,4931,9755
7,rearranger,NoChange,,,,,,,,,,,,,,,,,,no Pareto-improving ops in table,0,deepseek-r1:latest,0,0,0
8,placement_judge,Place,8,10,1,,,,,,,,,1.289671,0.25,1.477794,1,,,"Based on Rule T, there exists a candidate with affinity=1 and delta_total <= DPmin + epsilon, so the affinity=1 candidate with the smallest delta_total is selected for placement.",66.15040898323059,deepseek-r1:latest,4984,7110,12094
8,rearranger,NoChange,,,,,,,,,,,,,,,,,,no Pareto-improving ops in table,0,deepseek-r1:latest,0,0,0
9,placement_judge,Place,9,25,10,,,,,,,,,1.336102,0.25,1.461817,1,,,"Based on Rule T, since there exists a candidate with affinity=1 and delta_total <= DPmin + epsilon (1.336102 + 0.25 = 1.586102), I choose the affinity=1 candidate with the smallest delta_total, which is app_id=25 on machine_id=10 with delta_total=1.461817. This satisfies the hard constraints as per the candidate table, and the placement is feasible.",55.53166675567627,deepseek-r1:latest,4898,5984,10882
9,rearranger,Swap,,,,,,2,19,24,9,19,25,,,,,-0.0029,0,"This swap reduces cluster power consumption by 0.0029 W with no change in affinity, satisfying the Pareto improvement condition with the most negative delta_power_cluster.",8.071270942687988,deepseek-r1:latest,777,934,1711
10,placement_judge,Place,10,2,11,,,,,,,,,1.389325,0.25,1.503289,1,,,"Based on Rule T, since there exists a candidate with affinity=1 and delta_total <= DPmin + epsilon (1.389325 + 0.25 = 1.639325), I choose the affinity=1 candidate with the smallest delta_total, which is app_id=2 on machine_id=11 with delta_total=1.503289. This satisfies the hard constraints as per the candidate table, and the affinity payoff is maximized.",52.82163095474243,deepseek-r1:latest,4865,5680,10545
10,rearranger,Move,9,25,,19,11,,,,,,,,,,,-0.0152,0,"This operation reduces cluster power by 0.0152 W with no change in affinity, satisfying the Pareto improvement condition (dP_cluster < 0 and dAff >= 0).",7.200173854827881,deepseek-r1:latest,770,831,1601
11,placement_judge,Place,11,24,19,,,,,,,,,1.389325,0.25,1.494819,1,,,"Based on Rule T, since there exists a candidate with affinity=1 and delta_total <= DPmin + epsilon (1.389325 + 0.25 = 1.639325), the candidate with the smallest delta_total among affinity=1 candidates is selected, which is app_id=24 on machine_id=19 with delta_total=1.494819 and affinity=1.",74.8762195110321,deepseek-r1:latest,4919,7982,12901
11,rearranger,NoChange,,,,,,,,,,,,,,,,,,no Pareto-improving ops in table,0,deepseek-r1:latest,0,0,0
12,placement_judge,Place,12,23,17,,,,,,,,,1.389325,0.25,1.515997,1,,,"Based on Rule T, since there exists a candidate with affinity=1 and delta_total <= DPmin + epsilon (1.389325 + 0.25 = 1.639325), I selected the affinity=1 candidate with the smallest delta_total, which is app_id=23 on machine_id=17 with delta_total=1.515997. This placement satisfies the hard constraints as per the candidate table.",55.44768404960632,deepseek-r1:latest,4870,5965,10835
12,rearranger,NoChange,,,,,,,,,,,,,,,,,,no Pareto-improving ops in table,0,deepseek-r1:latest,0,0,0
13,placement_judge,Place,13,17,10,,,,,,,,,1.389325,0.25,1.560968,1,,,"Based on Rule T, DPmin is 1.389325, epsilon is 0.25, and there are affinity=1 candidates with delta_total <= 1.639325. The affinity=1 candidate with the smallest delta_total is app_id=17 on machine_id=10 with delta_total=1.560968, satisfying the hard constraints as per the candidate table.",74.44077801704407,deepseek-r1:latest,5071,7962,13033
13,rearranger,NoChange,,,,,,,,,,,,,,,,,,no Pareto-improving ops in table,0,deepseek-r1:latest,0,0,0
14,placement_judge,Place,14,23,12,,,,,,,,,1.452915,0.25,1.52572,1,,,"Based on Rule T, since there exists a candidate with affinity=1 and delta_total <= DPmin + epsilon (1.452915 + 0.25 = 1.702915), I selected the affinity=1 candidate with the smallest delta_total, which is app_id=23 on machine_id=12 with delta_total=1.525720.",54.24014329910278,deepseek-r1:latest,4995,5784,10779
14,rearranger,NoChange,,,,,,,,,,,,,,,,,,no Pareto-improving ops in table,0,deepseek-r1:latest,0,0,0
15,placement_judge,Place,15,23,17,,,,,,,,,1.452915,0.25,1.562599,,,,"According to Rule T, since there exists a candidate with affinity=1 and delta_total <= DPmin + epsilon (1.452915 + 0.25 = 1.702915), the affinity=1 candidate with the smallest delta_total is selected. The smallest delta_total for affinity=1 is 1.562599 for app_id=23, machine_id=17, satisfying the anti-affinity and capacity constraints as per the candidate table.",74.29237866401672,deepseek-r1:latest,4863,7973,12836
15,rearranger,NoChange,,,,,,,,,,,,,,,,,,no Pareto-improving ops in table,0,deepseek-r1:latest,0,0,0
16,placement_judge,Place,16,24,19,,,,,,,,,1.452915,0.25,1.585282,1,,,"Based on Rule T, DPmin is the smallest delta_total overall, which is 1.452915 for app_id=24, machine_id=23. Epsilon is calculated as max(0.0 * |DPmin|, 0.25) = 0.25. Since there exists a candidate with affinity=1 and delta_total <= DPmin + epsilon (1.702915), the affinity=1 candidate with the smallest delta_total is selected, which is app_id=24, machine_id=19 with delta_total=1.585282 and affinity=1.",40.52128195762634,deepseek-r1:latest,4953,4345,9298
16,rearranger,NoChange,,,,,,,,,,,,,,,,,,no Pareto-improving ops in table,0,deepseek-r1:latest,0,0,0
17,placement_judge,Place,17,24,24,,,,,,,,,1.452915,0.25,1.600112,1,,,"Based on Rule T, since there exists a candidate with affinity=1 and delta_total <= DPmin + epsilon (1.452915 + 0.25 = 1.702915), the candidate with affinity=1 and smallest delta_total is selected to maximize affinity payoff while considering power efficiency. The chosen candidate has delta_total=1.600112 and affinity=1, which satisfies the hard constraints as per the feasible candidate table.",39.87653660774231,deepseek-r1:latest,4913,4277,9190
17,rearranger,Move,3,10,,24,6,,,,,,,,,,,-0.0283,0,"This operation reduces the cluster power consumption by 0.0283 W and maintains the affinity, satisfying the Pareto improvement condition with dP_cluster < 0 and dAff >= 0.",9.32275390625,deepseek-r1:latest,779,1080,1859
18,placement_judge,Place,18,2,11,,,,,,,,,1.546268,0.25,1.633119,1,,,"According to Rule T, since there exists a candidate with affinity=1 and delta_total <= DPmin + epsilon (1.546268 + 0.25 = 1.796268), I choose the candidate with affinity=1 and the smallest delta_total, which is app_id=2, machine_id=11 with delta_total=1.633119. This satisfies the hard constraints as the candidate table indicates feasibility, and the decision prioritizes affinity when it meets the epsilon condition.",63.900622844696045,deepseek-r1:latest,4869,6838,11707
18,rearranger,Swap,,,,,,8,1,10,17,1,24,,,,,-0.0016,0,"This operation reduces cluster power by 0.0016W with no change in affinity, satisfying the Pareto improvement rule by having a negative delta_power_cluster and zero delta_affinity.",23.543901920318604,deepseek-r1:latest,879,2749,3628
19,placement_judge,Place,19,25,3,,,,,,,,,1.586002,0.25,1.683811,1,,,"Based on Rule T, since there exists a candidate with affinity=1 and delta_total <= DPmin + epsilon (1.586002 + 0.25 = 1.836002), we choose the affinity=1 candidate with the smallest delta_total, which is app_id=25, machine_id=3 with delta_total=1.683811. This satisfies the hard constraints as per the candidate table.",43.263577938079834,deepseek-r1:latest,4755,4618,9373
19,rearranger,Move,17,24,,1,24,,,,,,,,,,,-0.0412,0,"This operation reduces cluster power by 0.0412 W while maintaining affinity, satisfying the Pareto improvement condition with the largest power reduction.",8.144911289215088,deepseek-r1:latest,871,924,1795
20,placement_judge,Place,20,3,5,,,,,,,,,1.676541,0.25,1.75613,1,,,Rule T selects the affinity=1 candidate with the smallest delta_total since there exists a candidate with affinity=1 and delta_total <= DPmin + epsilon.,55.06943917274475,deepseek-r1:latest,4936,5922,10858
20,rearranger,NoChange,,,,,,,,,,,,,,,,,,no Pareto-improving ops in table,0,deepseek-r1:latest,0,0,0
21,placement_judge,Place,21,31,23,,,,,,,,,1.676541,0.25,1.762094,1,,,"According to Rule T, since there exists a candidate with affinity=1 and delta_total <= DPmin + epsilon (1.676541 + 0.25 = 1.926541), we choose the candidate with affinity=1 and the smallest delta_total among such candidates. The smallest delta_total for affinity=1 is 1.762094 for app_id=31, machine_id=23, which satisfies the hard constraints as per the candidate table indicating feasibility.",54.482412338256836,deepseek-r1:latest,3764,5946,9710
21,rearranger,NoChange,,,,,,,,,,,,,,,,,,no Pareto-improving ops in table,0,deepseek-r1:latest,0,0,0
22,placement_judge,Place,22,3,5,,,,,,,,,1.685577,0.25,1.805474,1,,,"Based on Rule T, I selected the placement with affinity=1 and the smallest delta_total among those with delta_total <= DPmin + epsilon, which is app_id=3 on machine_id=5 with delta_total=1.805474. DPmin is 1.685577, epsilon is 0.25, so DPmin + epsilon is 1.935577. The candidate with the smallest delta_total among affinity=1 and delta_total <= 1.935577 is app_id=3, machine_id=5 with delta_total=1.805474.",65.29709696769714,deepseek-r1:latest,4953,7023,11976
22,rearranger,NoChange,,,,,,,,,,,,,,,,,,no Pareto-improving ops in table,0,deepseek-r1:latest,0,0,0
23,placement_judge,Place,23,3,14,,,,,,,,,1.685577,0.25,1.825854,1,,,"According to Rule T, since there exists a candidate with affinity=1 and delta_total <= DPmin + epsilon (1.935577), I choose the affinity=1 candidate with the smallest delta_total, which is app_id=3, machine_id=14 with delta_total=1.825854. This satisfies the hard constraints as per the candidate table, and the decision prioritizes affinity while considering incremental power.",58.76127219200134,deepseek-r1:latest,4759,6325,11084
23,rearranger,NoChange,,,,,,,,,,,,,,,,,,no Pareto-improving ops in table,0,deepseek-r1:latest,0,0,0
24,placement_judge,Place,24,3,16,,,,,,,,,1.685577,0.25,1.840981,1,,,"According to Rule T, since there exists a candidate with affinity=1 and delta_total <= DPmin + epsilon (1.685577 + 0.25 = 1.935577), the affinity=1 candidate with the smallest delta_total is selected. The candidate (app_id=3, machine_id=16) has delta_total=1.840981, which is the minimum among all eligible affinity=1 candidates within the threshold.",43.07635283470154,deepseek-r1:latest,3832,4703,8535
24,rearranger,NoChange,,,,,,,,,,,,,,,,,,no Pareto-improving ops in table,0,deepseek-r1:latest,0,0,0
25,placement_judge,Place,25,5,10,,,,,,,,,1.856834,0.25,1.916245,1,,,"Based on Rule T, since there exists a candidate with affinity=1 and delta_total <= DPmin + epsilon (1.856834 + 0.25 = 2.106834), the affinity=1 candidate with the smallest delta_total is selected, which is app_id=5 on machine_id=10 with delta_total=1.916245. This satisfies the hard constraints as per the candidate table.",47.8917121887207,deepseek-r1:latest,4786,5178,9964
25,rearranger,NoChange,,,,,,,,,,,,,,,,,,no Pareto-improving ops in table,0,deepseek-r1:latest,0,0,0
26,placement_judge,Place,26,1,20,,,,,,,,,1.935922,0.25,1.985811,1,,,"Based on Rule T, DPmin is 1.935922 and epsilon is 0.25. There exists a candidate with affinity=1 (app_id=1, machine_id=20, delta_total=1.985811) that satisfies delta_total <= DPmin + epsilon (1.985811 <= 2.185922). Therefore, the affinity=1 candidate with the smallest delta_total is chosen. This placement minimizes incremental power while respecting the affinity preference.",39.03898906707764,deepseek-r1:latest,4808,4179,8987
26,rearranger,NoChange,,,,,,,,,,,,,,,,,,no Pareto-improving ops in table,0,deepseek-r1:latest,0,0,0
27,placement_judge,Place,27,5,15,,,,,,,,,1.935922,0.25,2.009326,1,,,"According to Rule T, since there exists a candidate with affinity=1 and delta_total <= DPmin + epsilon, I choose the affinity=1 candidate with the smallest delta_total.",53.25812220573425,deepseek-r1:latest,4674,5760,10434
27,rearranger,NoChange,,,,,,,,,,,,,,,,,,no Pareto-improving ops in table,0,deepseek-r1:latest,0,0,0
28,placement_judge,Place,28,1,9,,,,,,,,,1.977681,0.25,2.038593,1,,,"Based on Rule T, since there exists a candidate with affinity=1 and delta_total <= DPmin + epsilon (2.038593 <= 2.227681), I choose the affinity=1 candidate with the smallest delta_total, which is app_id=1 on machine_id=9 with delta_total=2.038593.",41.80364680290222,deepseek-r1:latest,4887,4480,9367
28,rearranger,Move,7,10,,9,13,,,,,,,,,,,-0.0313,0,"Selected the Move operation with instance_id=7, app_id=10 from machine 9 to machine 13, which reduces cluster power by 0.0313W with no change in affinity, as it has the most negative delta_power_cluster according to the Pareto improvement rule.",11.542895317077637,deepseek-r1:latest,813,1336,2149
29,placement_judge,Place,29,1,9,,,,,,,,,1.977681,0.25,2.050612,1,,,"According to Rule T, DPmin is 1.977681, epsilon is 0.25, so threshold is 2.227681. There exists a candidate with affinity=1 and delta_total <= 2.227681, specifically the one with delta_total=2.050612. Therefore, I choose the affinity=1 candidate with smallest delta_total.",45.772032499313354,deepseek-r1:latest,4695,4937,9632
29,rearranger,NoChange,,,,,,,,,,,,,,,,,,no Pareto-improving ops in table,0,deepseek-r1:latest,0,0,0
30,placement_judge,Place,30,28,12,,,,,,,,,2.002131,0.25,2.061794,1,,,"According to Rule T, since there exists a candidate with affinity=1 and delta_total <= DPmin + epsilon, the affinity=1 candidate with smallest delta_total is selected.",48.70332407951355,deepseek-r1:latest,4762,5249,10011
30,rearranger,NoChange,,,,,,,,,,,,,,,,,,no Pareto-improving ops in table,0,deepseek-r1:latest,0,0,0
31,placement_judge,Place,31,12,18,,,,,,,,,2.111006,0.25,2.111006,1,,,"Based on Rule T, there exists a candidate with affinity=1 and delta_total <= DPmin + epsilon (2.111006 <= 2.361006), so the affinity=1 candidate with the smallest delta_total is selected.",35.60763454437256,deepseek-r1:latest,4718,3828,8546
31,rearranger,NoChange,,,,,,,,,,,,,,,,,,no Pareto-improving ops in table,0,deepseek-r1:latest,0,0,0
32,placement_judge,Place,32,4,10,,,,,,,,,2.138964,0.25,2.138964,1,,,"Based on Rule T, since there exists a candidate with affinity=1 and delta_total <= DPmin + epsilon, I selected the affinity=1 candidate with the smallest delta_total, which is app_id=4 on machine_id=10 with delta_total=2.138964.",27.83541202545166,deepseek-r1:latest,4679,2987,7666
32,rearranger,Move,4,17,,10,3,,,,,,,,,,,-0.034,0,"Selected as the first operation with the most negative delta_power_cluster (-0.0340) and delta_affinity >= 0, satisfying the Pareto improvement condition.",15.81972861289978,deepseek-r1:latest,990,1851,2841
33,placement_judge,Place,33,4,1,,,,,,,,,2.152063,0.25,2.152063,1,,,"Based on Rule T, DPmin is 2.152063, epsilon is 0.25, and DPmin + epsilon is 2.402063. Since there is an affinity=1 candidate with delta_total <= 2.402063, the affinity=1 candidate with the smallest delta_total (app_4 on machine_1 with delta_total 2.152063) is chosen to minimize incremental power while preferring affinity.",68.90141701698303,deepseek-r1:latest,4765,7410,12175
33,rearranger,Swap,,,,,,6,10,17,33,10,4,,,,,-0.0203,0,"This swap reduces cluster power consumption by 0.0203 W without changing affinity, satisfying the Pareto improvement condition.",18.399236917495728,deepseek-r1:latest,830,2154,2984
34,placement_judge,Place,34,4,10,,,,,,,,,2.157804,0.25,2.164511,1,,,"Based on Rule T, since there exists a candidate with affinity=1 and delta_total <= DPmin + epsilon (2.164511 <= 2.407804), I selected the affinity=1 candidate with the smallest delta_total, which is app_id=4, machine_id=10. This placement satisfies the hard constraints as per the candidate table being feasible. The affinity payoff is maximized, aligning with the soft goal of maximizing affinity, while the incremental power delta_total is 2.164511, which is within the epsilon threshold.",49.452876329422,deepseek-r1:latest,4699,5340,10039
34,rearranger,Move,2,24,,10,23,,,,,,,,,,,-0.0085,0,"This operation decreases cluster power by 0.0085W with no change in affinity, meeting the Pareto improvement criteria as dP_cluster < 0 and dAff >= 0.",13.855551481246948,deepseek-r1:latest,773,1627,2400
35,placement_judge,Place,35,12,21,,,,,,,,,2.157804,0.25,2.168898,1,,,"According to Rule T, since there exists a candidate with affinity=1 and delta_total <= DPmin + epsilon (2.168898 <= 2.407804), I choose the affinity=1 candidate with the smallest delta_total, which is app_id=12 on machine_id=21 with delta_total=2.168898. DPmin is 2.157804, and epsilon is 0.25 as per the rule.",47.834648847579956,deepseek-r1:latest,3643,5242,8885
35,rearranger,NoChange,,,,,,,,,,,,,,,,,,no Pareto-improving ops in table,0,deepseek-r1:latest,0,0,0
36,placement_judge,Place,36,19,22,,,,,,,,,2.194761,0.25,2.229632,1,,,"Based on Rule T, since there exists a candidate with affinity=1 and delta_total <= DPmin + epsilon, I selected the affinity=1 candidate with the smallest delta_total, which is app_id=19, machine_id=22.",61.31617975234985,deepseek-r1:latest,4666,6610,11276
36,rearranger,NoChange,,,,,,,,,,,,,,,,,,no Pareto-improving ops in table,0,deepseek-r1:latest,0,0,0
37,placement_judge,Place,37,19,7,,,,,,,,,2.194761,0.25,2.269362,1,,,"According to Rule T, since there are affinity=1 candidates with delta_total <= DPmin + epsilon (2.194761 + 0.25 = 2.444761), the affinity=1 candidate with the smallest delta_total is selected. The smallest delta_total among affinity=1 candidates is 2.269362 for app_id=19, machine_id=7. This placement satisfies the hard constraints as per the candidate table indicating feasibility. The incremental power delta_total is minimized while prioritizing affinity=1 to maximize payoff A.",58.691885232925415,deepseek-r1:latest,4627,6309,10936
37,rearranger,NoChange,,,,,,,,,,,,,,,,,,no Pareto-improving ops in table,0,deepseek-r1:latest,0,0,0
38,placement_judge,Place,38,19,15,,,,,,,,,2.194761,0.25,2.275964,1,,,"Based on Rule T, there exists a candidate with affinity=1 and delta_total <= DPmin + epsilon (2.275964 <= 2.444761), so the affinity=1 candidate with the smallest delta_total is selected.",27.775954008102417,deepseek-r1:latest,4679,2984,7663
38,rearranger,Move,27,5,,15,10,,,,,,,,,,,-0.0803,0,"This operation reduces cluster power by 0.0803 W with no change in affinity, satisfying the Pareto improvement condition with the most negative delta_power_cluster.",11.75403380393982,deepseek-r1:latest,962,1362,2324
39,placement_judge,Place,39,6,11,,,,,,,,,2.194761,0.25,2.413501,1,,,"According to Rule T, the smallest delta_total (DPmin) is 2.194761 for app_id=31 on machine_id=8 with affinity=0. The epsilon is 0.25. There is a candidate with affinity=1 (app_id=6 on machine_id=11) with delta_total=2.413501, which is within DPmin + epsilon (2.444761). Since affinity=1 is present and satisfies the condition, the placement with the smallest delta_total among affinity=1 candidates is chosen. Capacity constraints are satisfied, and anti-affinity is not violated.",10.25488018989563,deepseek-r1:latest,4457,1023,5480
39,rearranger,Move,13,17,,10,0,,,,,,,,,,,-0.0184,0,"This operation reduces cluster power consumption by 0.0184 W while maintaining no change in affinity, satisfying the Pareto improvement condition with the most negative delta_power_cluster.",18.878203630447388,deepseek-r1:latest,1147,2188,3335
40,placement_judge,Place,40,26,10,,,,,,,,,2.194761,0.25,2.403877,1,,,"According to Rule T, since there exists a candidate with affinity=1 and delta_total <= DPmin + epsilon (2.403877 <= 2.444761), the affinity=1 candidate with the smallest delta_total is selected.",52.07303738594055,deepseek-r1:latest,4687,5616,10303
40,rearranger,Move,25,5,,10,8,,,,,,,,,,,-0.0121,0,"This operation reduces cluster power by -0.0121 W and maintains affinity, satisfying the Pareto improvement condition with the most negative delta_power_cluster.",13.801182508468628,deepseek-r1:latest,1144,1596,2740
41,placement_judge,Place,41,26,10,,,,,,,,,2.389933,0.25,2.389933,1,,,"According to Rule T, since there exists a candidate with affinity=1 and delta_total <= DPmin + epsilon (2.389933 + 0.25 = 2.639933), the affinity=1 candidate with the smallest delta_total is chosen. This candidate has delta_total=2.389933 and affinity=1, satisfying the condition and minimizing incremental power while prioritizing affinity.",29.68282461166382,deepseek-r1:latest,4590,3194,7784
41,rearranger,Swap,,,,,,1,11,2,25,11,5,,,,,-0.0164,0,"This swap reduces cluster power by 0.0164 W with no change in affinity, satisfying the Pareto improvement condition by having negative delta_power_cluster and non-negative delta_affinity.",21.08714270591736,deepseek-r1:latest,1086,2447,3533
42,placement_judge,Place,42,6,20,,,,,,,,,2.401135,0.25,2.4216,1,,,"Based on Rule T, an affinity=1 candidate with delta_total <= DPmin + epsilon exists, so the candidate with the smallest delta_total among affinity=1 options is selected.",38.3466854095459,deepseek-r1:latest,4557,4130,8687
42,rearranger,Swap,,,,,,6,1,17,42,1,6,,,,,-0.0211,0,"Selected as it has the most negative delta_power_cluster (-0.0211W) and delta_affinity >= 0, satisfying Pareto improvement.",12.238098382949829,deepseek-r1:latest,1094,1417,2511
